filepath,label,source
data/deepfake/audio/spoof\spoof_00000.wav,1,34data/audiospoofing-mini-fake
data/deepfake/audio/spoof\spoof_00001.wav,1,34data/audiospoofing-mini-fake
data/deepfake/audio/spoof\spoof_00002.wav,1,34data/audiospoofing-mini-fake
data/deepfake/audio/spoof\spoof_00003.wav,1,34data/audiospoofing-mini-fake
data/deepfake/audio/spoof\spoof_00004.wav,1,34data/audiospoofing-mini-fake
data/deepfake/audio/spoof\spoof_00005.wav,1,34data/audiospoofing-mini-fake
data/deepfake/audio/spoof\spoof_00006.wav,1,34data/audiospoofing-mini-fake
data/deepfake/audio/spoof\spoof_00007.wav,1,34data/audiospoofing-mini-fake
data/deepfake/audio/spoof\spoof_00008.wav,1,34data/audiospoofing-mini-fake
data/deepfake/audio/spoof\spoof_00009.wav,1,34data/audiospoofing-mini-fake
data/deepfake/audio/spoof\spoof_00010.wav,1,34data/audiospoofing-mini-fake
data/deepfake/audio/spoof\spoof_00011.wav,1,34data/audiospoofing-mini-fake
data/deepfake/audio/spoof\spoof_00012.wav,1,34data/audiospoofing-mini-fake
data/deepfake/audio/spoof\spoof_00013.wav,1,34data/audiospoofing-mini-fake
data/deepfake/audio/spoof\spoof_00014.wav,1,34data/audiospoofing-mini-fake
data/deepfake/audio/spoof\spoof_00015.wav,1,34data/audiospoofing-mini-fake
data/deepfake/audio/spoof\spoof_00016.wav,1,34data/audiospoofing-mini-fake
data/deepfake/audio/spoof\spoof_00017.wav,1,34data/audiospoofing-mini-fake
data/deepfake/audio/spoof\spoof_00018.wav,1,34data/audiospoofing-mini-fake
data/deepfake/audio/spoof\spoof_00019.wav,1,34data/audiospoofing-mini-fake
data/deepfake/audio/spoof\spoof_00020.wav,1,34data/audiospoofing-mini-fake
data/deepfake/audio/spoof\spoof_00021.wav,1,34data/audiospoofing-mini-fake
data/deepfake/audio/spoof\spoof_00022.wav,1,34data/audiospoofing-mini-fake
data/deepfake/audio/spoof\spoof_00023.wav,1,34data/audiospoofing-mini-fake
data/deepfake/audio/spoof\spoof_00024.wav,1,34data/audiospoofing-mini-fake
data/deepfake/audio/spoof\spoof_00025.wav,1,34data/audiospoofing-mini-fake
data/deepfake/audio/spoof\spoof_00026.wav,1,34data/audiospoofing-mini-fake
data/deepfake/audio/spoof\spoof_00027.wav,1,34data/audiospoofing-mini-fake
data/deepfake/audio/spoof\spoof_00028.wav,1,34data/audiospoofing-mini-fake
data/deepfake/audio/spoof\spoof_00029.wav,1,34data/audiospoofing-mini-fake
data/deepfake/audio/spoof\spoof_00030.wav,1,34data/audiospoofing-mini-fake
data/deepfake/audio/spoof\spoof_00031.wav,1,34data/audiospoofing-mini-fake
data/deepfake/audio/spoof\spoof_00032.wav,1,34data/audiospoofing-mini-fake
data/deepfake/audio/spoof\spoof_00033.wav,1,34data/audiospoofing-mini-fake
data/deepfake/audio/spoof\spoof_00034.wav,1,34data/audiospoofing-mini-fake
data/deepfake/audio/spoof\spoof_00035.wav,1,34data/audiospoofing-mini-fake
data/deepfake/audio/spoof\spoof_00036.wav,1,34data/audiospoofing-mini-fake
data/deepfake/audio/spoof\spoof_00037.wav,1,34data/audiospoofing-mini-fake
data/deepfake/audio/spoof\spoof_00038.wav,1,34data/audiospoofing-mini-fake
data/deepfake/audio/spoof\spoof_00039.wav,1,34data/audiospoofing-mini-fake
data/deepfake/audio/spoof\spoof_00040.wav,1,34data/audiospoofing-mini-fake
data/deepfake/audio/spoof\spoof_00041.wav,1,34data/audiospoofing-mini-fake
data/deepfake/audio/spoof\spoof_00042.wav,1,34data/audiospoofing-mini-fake
data/deepfake/audio/spoof\spoof_00043.wav,1,34data/audiospoofing-mini-fake
data/deepfake/audio/spoof\spoof_00044.wav,1,34data/audiospoofing-mini-fake
data/deepfake/audio/spoof\spoof_00045.wav,1,34data/audiospoofing-mini-fake
data/deepfake/audio/spoof\spoof_00046.wav,1,34data/audiospoofing-mini-fake
data/deepfake/audio/spoof\spoof_00047.wav,1,34data/audiospoofing-mini-fake
data/deepfake/audio/spoof\spoof_00048.wav,1,34data/audiospoofing-mini-fake
data/deepfake/audio/spoof\spoof_00049.wav,1,34data/audiospoofing-mini-fake
data/deepfake/audio/spoof\spoof_00050.wav,1,34data/audiospoofing-mini-fake
data/deepfake/audio/spoof\spoof_00051.wav,1,34data/audiospoofing-mini-fake
data/deepfake/audio/spoof\spoof_00052.wav,1,34data/audiospoofing-mini-fake
data/deepfake/audio/spoof\spoof_00053.wav,1,34data/audiospoofing-mini-fake
data/deepfake/audio/spoof\spoof_00054.wav,1,34data/audiospoofing-mini-fake
data/deepfake/audio/spoof\spoof_00055.wav,1,34data/audiospoofing-mini-fake
data/deepfake/audio/spoof\spoof_00056.wav,1,34data/audiospoofing-mini-fake
data/deepfake/audio/spoof\spoof_00057.wav,1,34data/audiospoofing-mini-fake
data/deepfake/audio/spoof\spoof_00058.wav,1,34data/audiospoofing-mini-fake
data/deepfake/audio/spoof\spoof_00059.wav,1,34data/audiospoofing-mini-fake
data/deepfake/audio/spoof\spoof_00060.wav,1,34data/audiospoofing-mini-fake
data/deepfake/audio/spoof\spoof_00061.wav,1,34data/audiospoofing-mini-fake
data/deepfake/audio/spoof\spoof_00062.wav,1,34data/audiospoofing-mini-fake
data/deepfake/audio/spoof\spoof_00063.wav,1,34data/audiospoofing-mini-fake
data/deepfake/audio/spoof\spoof_00064.wav,1,34data/audiospoofing-mini-fake
data/deepfake/audio/spoof\spoof_00065.wav,1,34data/audiospoofing-mini-fake
data/deepfake/audio/spoof\spoof_00066.wav,1,34data/audiospoofing-mini-fake
data/deepfake/audio/spoof\spoof_00067.wav,1,34data/audiospoofing-mini-fake
data/deepfake/audio/spoof\spoof_00068.wav,1,34data/audiospoofing-mini-fake
data/deepfake/audio/spoof\spoof_00069.wav,1,34data/audiospoofing-mini-fake
data/deepfake/audio/spoof\spoof_00070.wav,1,34data/audiospoofing-mini-fake
data/deepfake/audio/spoof\spoof_00071.wav,1,34data/audiospoofing-mini-fake
data/deepfake/audio/spoof\spoof_00072.wav,1,34data/audiospoofing-mini-fake
data/deepfake/audio/spoof\spoof_00073.wav,1,34data/audiospoofing-mini-fake
data/deepfake/audio/spoof\spoof_00074.wav,1,34data/audiospoofing-mini-fake
data/deepfake/audio/spoof\spoof_00075.wav,1,34data/audiospoofing-mini-fake
data/deepfake/audio/spoof\spoof_00076.wav,1,34data/audiospoofing-mini-fake
data/deepfake/audio/spoof\spoof_00077.wav,1,34data/audiospoofing-mini-fake
data/deepfake/audio/spoof\spoof_00078.wav,1,34data/audiospoofing-mini-fake
data/deepfake/audio/spoof\spoof_00079.wav,1,34data/audiospoofing-mini-fake
data/deepfake/audio/spoof\spoof_00080.wav,1,34data/audiospoofing-mini-fake
data/deepfake/audio/spoof\spoof_00081.wav,1,34data/audiospoofing-mini-fake
data/deepfake/audio/spoof\spoof_00082.wav,1,34data/audiospoofing-mini-fake
data/deepfake/audio/spoof\spoof_00083.wav,1,34data/audiospoofing-mini-fake
data/deepfake/audio/spoof\spoof_00084.wav,1,34data/audiospoofing-mini-fake
data/deepfake/audio/spoof\spoof_00085.wav,1,34data/audiospoofing-mini-fake
data/deepfake/audio/spoof\spoof_00086.wav,1,34data/audiospoofing-mini-fake
data/deepfake/audio/spoof\spoof_00087.wav,1,34data/audiospoofing-mini-fake
data/deepfake/audio/spoof\spoof_00088.wav,1,34data/audiospoofing-mini-fake
data/deepfake/audio/spoof\spoof_00089.wav,1,34data/audiospoofing-mini-fake
data/deepfake/audio/spoof\spoof_00090.wav,1,34data/audiospoofing-mini-fake
data/deepfake/audio/spoof\spoof_00091.wav,1,34data/audiospoofing-mini-fake
data/deepfake/audio/spoof\spoof_00092.wav,1,34data/audiospoofing-mini-fake
data/deepfake/audio/spoof\spoof_00093.wav,1,34data/audiospoofing-mini-fake
data/deepfake/audio/spoof\spoof_00094.wav,1,34data/audiospoofing-mini-fake
data/deepfake/audio/spoof\spoof_00095.wav,1,34data/audiospoofing-mini-fake
data/deepfake/audio/spoof\spoof_00096.wav,1,34data/audiospoofing-mini-fake
data/deepfake/audio/spoof\spoof_00097.wav,1,34data/audiospoofing-mini-fake
data/deepfake/audio/spoof\spoof_00098.wav,1,34data/audiospoofing-mini-fake
data/deepfake/audio/spoof\spoof_00099.wav,1,34data/audiospoofing-mini-fake
data/deepfake/audio/spoof\spoof_00100.wav,1,34data/audiospoofing-mini-fake
data/deepfake/audio/spoof\spoof_00101.wav,1,34data/audiospoofing-mini-fake
data/deepfake/audio/spoof\spoof_00102.wav,1,34data/audiospoofing-mini-fake
data/deepfake/audio/spoof\spoof_00103.wav,1,34data/audiospoofing-mini-fake
data/deepfake/audio/spoof\spoof_00104.wav,1,34data/audiospoofing-mini-fake
data/deepfake/audio/spoof\spoof_00105.wav,1,34data/audiospoofing-mini-fake
data/deepfake/audio/spoof\spoof_00106.wav,1,34data/audiospoofing-mini-fake
data/deepfake/audio/spoof\spoof_00107.wav,1,34data/audiospoofing-mini-fake
data/deepfake/audio/spoof\spoof_00108.wav,1,34data/audiospoofing-mini-fake
data/deepfake/audio/spoof\spoof_00109.wav,1,34data/audiospoofing-mini-fake
data/deepfake/audio/spoof\spoof_00110.wav,1,34data/audiospoofing-mini-fake
data/deepfake/audio/spoof\spoof_00111.wav,1,34data/audiospoofing-mini-fake
data/deepfake/audio/spoof\spoof_00112.wav,1,34data/audiospoofing-mini-fake
data/deepfake/audio/spoof\spoof_00113.wav,1,34data/audiospoofing-mini-fake
data/deepfake/audio/spoof\spoof_00114.wav,1,34data/audiospoofing-mini-fake
data/deepfake/audio/spoof\spoof_00115.wav,1,34data/audiospoofing-mini-fake
data/deepfake/audio/spoof\spoof_00116.wav,1,34data/audiospoofing-mini-fake
data/deepfake/audio/spoof\spoof_00117.wav,1,34data/audiospoofing-mini-fake
data/deepfake/audio/spoof\spoof_00118.wav,1,34data/audiospoofing-mini-fake
data/deepfake/audio/spoof\spoof_00119.wav,1,34data/audiospoofing-mini-fake
data/deepfake/audio/spoof\spoof_00120.wav,1,34data/audiospoofing-mini-fake
data/deepfake/audio/spoof\spoof_00121.wav,1,34data/audiospoofing-mini-fake
data/deepfake/audio/spoof\spoof_00122.wav,1,34data/audiospoofing-mini-fake
data/deepfake/audio/spoof\spoof_00123.wav,1,34data/audiospoofing-mini-fake
data/deepfake/audio/spoof\spoof_00124.wav,1,34data/audiospoofing-mini-fake
data/deepfake/audio/spoof\spoof_00125.wav,1,34data/audiospoofing-mini-fake
data/deepfake/audio/spoof\spoof_00126.wav,1,34data/audiospoofing-mini-fake
data/deepfake/audio/spoof\spoof_00127.wav,1,34data/audiospoofing-mini-fake
data/deepfake/audio/spoof\spoof_00128.wav,1,34data/audiospoofing-mini-fake
data/deepfake/audio/spoof\spoof_00129.wav,1,34data/audiospoofing-mini-fake
data/deepfake/audio/spoof\spoof_00130.wav,1,34data/audiospoofing-mini-fake
data/deepfake/audio/spoof\spoof_00131.wav,1,34data/audiospoofing-mini-fake
data/deepfake/audio/spoof\spoof_00132.wav,1,34data/audiospoofing-mini-fake
data/deepfake/audio/spoof\spoof_00133.wav,1,34data/audiospoofing-mini-fake
data/deepfake/audio/spoof\spoof_00134.wav,1,34data/audiospoofing-mini-fake
data/deepfake/audio/spoof\spoof_00135.wav,1,34data/audiospoofing-mini-fake
data/deepfake/audio/spoof\spoof_00136.wav,1,34data/audiospoofing-mini-fake
data/deepfake/audio/spoof\spoof_00137.wav,1,34data/audiospoofing-mini-fake
data/deepfake/audio/spoof\spoof_00138.wav,1,34data/audiospoofing-mini-fake
data/deepfake/audio/spoof\spoof_00139.wav,1,34data/audiospoofing-mini-fake
data/deepfake/audio/spoof\spoof_00140.wav,1,34data/audiospoofing-mini-fake
data/deepfake/audio/spoof\spoof_00141.wav,1,34data/audiospoofing-mini-fake
data/deepfake/audio/spoof\spoof_00142.wav,1,34data/audiospoofing-mini-fake
data/deepfake/audio/spoof\spoof_00143.wav,1,34data/audiospoofing-mini-fake
data/deepfake/audio/spoof\spoof_00144.wav,1,34data/audiospoofing-mini-fake
data/deepfake/audio/spoof\spoof_00145.wav,1,34data/audiospoofing-mini-fake
data/deepfake/audio/spoof\spoof_00146.wav,1,34data/audiospoofing-mini-fake
data/deepfake/audio/spoof\spoof_00147.wav,1,34data/audiospoofing-mini-fake
data/deepfake/audio/spoof\spoof_00148.wav,1,34data/audiospoofing-mini-fake
data/deepfake/audio/spoof\spoof_00149.wav,1,34data/audiospoofing-mini-fake
data/deepfake/audio/spoof\spoof_00150.wav,1,34data/audiospoofing-mini-fake
data/deepfake/audio/spoof\spoof_00151.wav,1,34data/audiospoofing-mini-fake
data/deepfake/audio/spoof\spoof_00152.wav,1,34data/audiospoofing-mini-fake
data/deepfake/audio/spoof\spoof_00153.wav,1,34data/audiospoofing-mini-fake
data/deepfake/audio/spoof\spoof_00154.wav,1,34data/audiospoofing-mini-fake
data/deepfake/audio/spoof\spoof_00155.wav,1,34data/audiospoofing-mini-fake
data/deepfake/audio/spoof\spoof_00156.wav,1,34data/audiospoofing-mini-fake
data/deepfake/audio/spoof\spoof_00157.wav,1,34data/audiospoofing-mini-fake
data/deepfake/audio/spoof\spoof_00158.wav,1,34data/audiospoofing-mini-fake
data/deepfake/audio/spoof\spoof_00159.wav,1,34data/audiospoofing-mini-fake
data/deepfake/audio/spoof\spoof_00160.wav,1,34data/audiospoofing-mini-fake
data/deepfake/audio/spoof\spoof_00161.wav,1,34data/audiospoofing-mini-fake
data/deepfake/audio/spoof\spoof_00162.wav,1,34data/audiospoofing-mini-fake
data/deepfake/audio/spoof\spoof_00163.wav,1,34data/audiospoofing-mini-fake
data/deepfake/audio/spoof\spoof_00164.wav,1,34data/audiospoofing-mini-fake
data/deepfake/audio/spoof\spoof_00165.wav,1,34data/audiospoofing-mini-fake
data/deepfake/audio/spoof\spoof_00166.wav,1,34data/audiospoofing-mini-fake
data/deepfake/audio/spoof\spoof_00167.wav,1,34data/audiospoofing-mini-fake
data/deepfake/audio/spoof\spoof_00168.wav,1,34data/audiospoofing-mini-fake
data/deepfake/audio/spoof\spoof_00169.wav,1,34data/audiospoofing-mini-fake
data/deepfake/audio/spoof\spoof_00170.wav,1,34data/audiospoofing-mini-fake
data/deepfake/audio/spoof\spoof_00171.wav,1,34data/audiospoofing-mini-fake
data/deepfake/audio/spoof\spoof_00172.wav,1,34data/audiospoofing-mini-fake
data/deepfake/audio/spoof\spoof_00173.wav,1,34data/audiospoofing-mini-fake
data/deepfake/audio/spoof\spoof_00174.wav,1,34data/audiospoofing-mini-fake
data/deepfake/audio/spoof\spoof_00175.wav,1,34data/audiospoofing-mini-fake
data/deepfake/audio/spoof\spoof_00176.wav,1,34data/audiospoofing-mini-fake
data/deepfake/audio/spoof\spoof_00177.wav,1,34data/audiospoofing-mini-fake
data/deepfake/audio/spoof\spoof_00178.wav,1,34data/audiospoofing-mini-fake
data/deepfake/audio/spoof\spoof_00179.wav,1,34data/audiospoofing-mini-fake
data/deepfake/audio/spoof\spoof_00180.wav,1,34data/audiospoofing-mini-fake
data/deepfake/audio/spoof\spoof_00181.wav,1,34data/audiospoofing-mini-fake
data/deepfake/audio/spoof\spoof_00182.wav,1,34data/audiospoofing-mini-fake
data/deepfake/audio/spoof\spoof_00183.wav,1,34data/audiospoofing-mini-fake
data/deepfake/audio/spoof\spoof_00184.wav,1,34data/audiospoofing-mini-fake
data/deepfake/audio/spoof\spoof_00185.wav,1,34data/audiospoofing-mini-fake
data/deepfake/audio/spoof\spoof_00186.wav,1,34data/audiospoofing-mini-fake
data/deepfake/audio/spoof\spoof_00187.wav,1,34data/audiospoofing-mini-fake
data/deepfake/audio/spoof\spoof_00188.wav,1,34data/audiospoofing-mini-fake
data/deepfake/audio/spoof\spoof_00189.wav,1,34data/audiospoofing-mini-fake
data/deepfake/audio/spoof\spoof_00190.wav,1,34data/audiospoofing-mini-fake
data/deepfake/audio/spoof\spoof_00191.wav,1,34data/audiospoofing-mini-fake
data/deepfake/audio/spoof\spoof_00192.wav,1,34data/audiospoofing-mini-fake
data/deepfake/audio/spoof\spoof_00193.wav,1,34data/audiospoofing-mini-fake
data/deepfake/audio/spoof\spoof_00194.wav,1,34data/audiospoofing-mini-fake
data/deepfake/audio/spoof\spoof_00195.wav,1,34data/audiospoofing-mini-fake
data/deepfake/audio/spoof\spoof_00196.wav,1,34data/audiospoofing-mini-fake
data/deepfake/audio/spoof\spoof_00197.wav,1,34data/audiospoofing-mini-fake
data/deepfake/audio/spoof\spoof_00198.wav,1,34data/audiospoofing-mini-fake
data/deepfake/audio/spoof\spoof_00199.wav,1,34data/audiospoofing-mini-fake
data/deepfake/audio/genuine\genuine_00000.wav,0,34data/audiospoofing-mini-real
data/deepfake/audio/genuine\genuine_00001.wav,0,34data/audiospoofing-mini-real
data/deepfake/audio/genuine\genuine_00002.wav,0,34data/audiospoofing-mini-real
data/deepfake/audio/genuine\genuine_00003.wav,0,34data/audiospoofing-mini-real
data/deepfake/audio/genuine\genuine_00004.wav,0,34data/audiospoofing-mini-real
data/deepfake/audio/genuine\genuine_00005.wav,0,34data/audiospoofing-mini-real
data/deepfake/audio/genuine\genuine_00006.wav,0,34data/audiospoofing-mini-real
data/deepfake/audio/genuine\genuine_00007.wav,0,34data/audiospoofing-mini-real
data/deepfake/audio/genuine\genuine_00008.wav,0,34data/audiospoofing-mini-real
data/deepfake/audio/genuine\genuine_00009.wav,0,34data/audiospoofing-mini-real
data/deepfake/audio/genuine\genuine_00010.wav,0,34data/audiospoofing-mini-real
data/deepfake/audio/genuine\genuine_00011.wav,0,34data/audiospoofing-mini-real
data/deepfake/audio/genuine\genuine_00012.wav,0,34data/audiospoofing-mini-real
data/deepfake/audio/genuine\genuine_00013.wav,0,34data/audiospoofing-mini-real
data/deepfake/audio/genuine\genuine_00014.wav,0,34data/audiospoofing-mini-real
data/deepfake/audio/genuine\genuine_00015.wav,0,34data/audiospoofing-mini-real
data/deepfake/audio/genuine\genuine_00016.wav,0,34data/audiospoofing-mini-real
data/deepfake/audio/genuine\genuine_00017.wav,0,34data/audiospoofing-mini-real
data/deepfake/audio/genuine\genuine_00018.wav,0,34data/audiospoofing-mini-real
data/deepfake/audio/genuine\genuine_00019.wav,0,34data/audiospoofing-mini-real
data/deepfake/audio/genuine\genuine_00020.wav,0,34data/audiospoofing-mini-real
data/deepfake/audio/genuine\genuine_00021.wav,0,34data/audiospoofing-mini-real
data/deepfake/audio/genuine\genuine_00022.wav,0,34data/audiospoofing-mini-real
data/deepfake/audio/genuine\genuine_00023.wav,0,34data/audiospoofing-mini-real
data/deepfake/audio/genuine\genuine_00024.wav,0,34data/audiospoofing-mini-real
data/deepfake/audio/genuine\genuine_00025.wav,0,34data/audiospoofing-mini-real
data/deepfake/audio/genuine\genuine_00026.wav,0,34data/audiospoofing-mini-real
data/deepfake/audio/genuine\genuine_00027.wav,0,34data/audiospoofing-mini-real
data/deepfake/audio/genuine\genuine_00028.wav,0,34data/audiospoofing-mini-real
data/deepfake/audio/genuine\genuine_00029.wav,0,34data/audiospoofing-mini-real
data/deepfake/audio/genuine\genuine_00030.wav,0,34data/audiospoofing-mini-real
data/deepfake/audio/genuine\genuine_00031.wav,0,34data/audiospoofing-mini-real
data/deepfake/audio/genuine\genuine_00032.wav,0,34data/audiospoofing-mini-real
data/deepfake/audio/genuine\genuine_00033.wav,0,34data/audiospoofing-mini-real
data/deepfake/audio/genuine\genuine_00034.wav,0,34data/audiospoofing-mini-real
data/deepfake/audio/genuine\genuine_00035.wav,0,34data/audiospoofing-mini-real
data/deepfake/audio/genuine\genuine_00036.wav,0,34data/audiospoofing-mini-real
data/deepfake/audio/genuine\genuine_00037.wav,0,34data/audiospoofing-mini-real
data/deepfake/audio/genuine\genuine_00038.wav,0,34data/audiospoofing-mini-real
data/deepfake/audio/genuine\genuine_00039.wav,0,34data/audiospoofing-mini-real
data/deepfake/audio/genuine\genuine_00040.wav,0,34data/audiospoofing-mini-real
data/deepfake/audio/genuine\genuine_00041.wav,0,34data/audiospoofing-mini-real
data/deepfake/audio/genuine\genuine_00042.wav,0,34data/audiospoofing-mini-real
data/deepfake/audio/genuine\genuine_00043.wav,0,34data/audiospoofing-mini-real
data/deepfake/audio/genuine\genuine_00044.wav,0,34data/audiospoofing-mini-real
data/deepfake/audio/genuine\genuine_00045.wav,0,34data/audiospoofing-mini-real
data/deepfake/audio/genuine\genuine_00046.wav,0,34data/audiospoofing-mini-real
data/deepfake/audio/genuine\genuine_00047.wav,0,34data/audiospoofing-mini-real
data/deepfake/audio/genuine\genuine_00048.wav,0,34data/audiospoofing-mini-real
data/deepfake/audio/genuine\genuine_00049.wav,0,34data/audiospoofing-mini-real
data/deepfake/audio/genuine\genuine_00050.wav,0,34data/audiospoofing-mini-real
data/deepfake/audio/genuine\genuine_00051.wav,0,34data/audiospoofing-mini-real
data/deepfake/audio/genuine\genuine_00052.wav,0,34data/audiospoofing-mini-real
data/deepfake/audio/genuine\genuine_00053.wav,0,34data/audiospoofing-mini-real
data/deepfake/audio/genuine\genuine_00054.wav,0,34data/audiospoofing-mini-real
data/deepfake/audio/genuine\genuine_00055.wav,0,34data/audiospoofing-mini-real
data/deepfake/audio/genuine\genuine_00056.wav,0,34data/audiospoofing-mini-real
data/deepfake/audio/genuine\genuine_00057.wav,0,34data/audiospoofing-mini-real
data/deepfake/audio/genuine\genuine_00058.wav,0,34data/audiospoofing-mini-real
data/deepfake/audio/genuine\genuine_00059.wav,0,34data/audiospoofing-mini-real
data/deepfake/audio/genuine\genuine_00060.wav,0,34data/audiospoofing-mini-real
data/deepfake/audio/genuine\genuine_00061.wav,0,34data/audiospoofing-mini-real
data/deepfake/audio/genuine\genuine_00062.wav,0,34data/audiospoofing-mini-real
data/deepfake/audio/genuine\genuine_00063.wav,0,34data/audiospoofing-mini-real
data/deepfake/audio/genuine\genuine_00064.wav,0,34data/audiospoofing-mini-real
data/deepfake/audio/genuine\genuine_00065.wav,0,34data/audiospoofing-mini-real
data/deepfake/audio/genuine\genuine_00066.wav,0,34data/audiospoofing-mini-real
data/deepfake/audio/genuine\genuine_00067.wav,0,34data/audiospoofing-mini-real
data/deepfake/audio/genuine\genuine_00068.wav,0,34data/audiospoofing-mini-real
data/deepfake/audio/genuine\genuine_00069.wav,0,34data/audiospoofing-mini-real
data/deepfake/audio/genuine\genuine_00070.wav,0,34data/audiospoofing-mini-real
data/deepfake/audio/genuine\genuine_00071.wav,0,34data/audiospoofing-mini-real
data/deepfake/audio/genuine\genuine_00072.wav,0,34data/audiospoofing-mini-real
data/deepfake/audio/genuine\genuine_00073.wav,0,34data/audiospoofing-mini-real
data/deepfake/audio/genuine\genuine_00074.wav,0,34data/audiospoofing-mini-real
data/deepfake/audio/genuine\genuine_00075.wav,0,34data/audiospoofing-mini-real
data/deepfake/audio/genuine\genuine_00076.wav,0,34data/audiospoofing-mini-real
data/deepfake/audio/genuine\genuine_00077.wav,0,34data/audiospoofing-mini-real
data/deepfake/audio/genuine\genuine_00078.wav,0,34data/audiospoofing-mini-real
data/deepfake/audio/genuine\genuine_00079.wav,0,34data/audiospoofing-mini-real
data/deepfake/audio/genuine\genuine_00080.wav,0,34data/audiospoofing-mini-real
data/deepfake/audio/genuine\genuine_00081.wav,0,34data/audiospoofing-mini-real
data/deepfake/audio/genuine\genuine_00082.wav,0,34data/audiospoofing-mini-real
data/deepfake/audio/genuine\genuine_00083.wav,0,34data/audiospoofing-mini-real
data/deepfake/audio/genuine\genuine_00084.wav,0,34data/audiospoofing-mini-real
data/deepfake/audio/genuine\genuine_00085.wav,0,34data/audiospoofing-mini-real
data/deepfake/audio/genuine\genuine_00086.wav,0,34data/audiospoofing-mini-real
data/deepfake/audio/genuine\genuine_00087.wav,0,34data/audiospoofing-mini-real
data/deepfake/audio/genuine\genuine_00088.wav,0,34data/audiospoofing-mini-real
data/deepfake/audio/genuine\genuine_00089.wav,0,34data/audiospoofing-mini-real
data/deepfake/audio/genuine\genuine_00090.wav,0,34data/audiospoofing-mini-real
data/deepfake/audio/genuine\genuine_00091.wav,0,34data/audiospoofing-mini-real
data/deepfake/audio/genuine\genuine_00092.wav,0,34data/audiospoofing-mini-real
data/deepfake/audio/genuine\genuine_00093.wav,0,34data/audiospoofing-mini-real
data/deepfake/audio/genuine\genuine_00094.wav,0,34data/audiospoofing-mini-real
data/deepfake/audio/genuine\genuine_00095.wav,0,34data/audiospoofing-mini-real
data/deepfake/audio/genuine\genuine_00096.wav,0,34data/audiospoofing-mini-real
data/deepfake/audio/genuine\genuine_00097.wav,0,34data/audiospoofing-mini-real
data/deepfake/audio/genuine\genuine_00098.wav,0,34data/audiospoofing-mini-real
data/deepfake/audio/genuine\genuine_00099.wav,0,34data/audiospoofing-mini-real
data/deepfake/audio/genuine\genuine_00100.wav,0,34data/audiospoofing-mini-real
data/deepfake/audio/genuine\genuine_00101.wav,0,34data/audiospoofing-mini-real
data/deepfake/audio/genuine\genuine_00102.wav,0,34data/audiospoofing-mini-real
data/deepfake/audio/genuine\genuine_00103.wav,0,34data/audiospoofing-mini-real
data/deepfake/audio/genuine\genuine_00104.wav,0,34data/audiospoofing-mini-real
data/deepfake/audio/genuine\genuine_00105.wav,0,34data/audiospoofing-mini-real
data/deepfake/audio/genuine\genuine_00106.wav,0,34data/audiospoofing-mini-real
data/deepfake/audio/genuine\genuine_00107.wav,0,34data/audiospoofing-mini-real
data/deepfake/audio/genuine\genuine_00108.wav,0,34data/audiospoofing-mini-real
data/deepfake/audio/genuine\genuine_00109.wav,0,34data/audiospoofing-mini-real
data/deepfake/audio/genuine\genuine_00110.wav,0,34data/audiospoofing-mini-real
data/deepfake/audio/genuine\genuine_00111.wav,0,34data/audiospoofing-mini-real
data/deepfake/audio/genuine\genuine_00112.wav,0,34data/audiospoofing-mini-real
data/deepfake/audio/genuine\genuine_00113.wav,0,34data/audiospoofing-mini-real
data/deepfake/audio/genuine\genuine_00114.wav,0,34data/audiospoofing-mini-real
data/deepfake/audio/genuine\genuine_00115.wav,0,34data/audiospoofing-mini-real
data/deepfake/audio/genuine\genuine_00116.wav,0,34data/audiospoofing-mini-real
data/deepfake/audio/genuine\genuine_00117.wav,0,34data/audiospoofing-mini-real
data/deepfake/audio/genuine\genuine_00118.wav,0,34data/audiospoofing-mini-real
data/deepfake/audio/genuine\genuine_00119.wav,0,34data/audiospoofing-mini-real
data/deepfake/audio/genuine\genuine_00120.wav,0,34data/audiospoofing-mini-real
data/deepfake/audio/genuine\genuine_00121.wav,0,34data/audiospoofing-mini-real
data/deepfake/audio/genuine\genuine_00122.wav,0,34data/audiospoofing-mini-real
data/deepfake/audio/genuine\genuine_00123.wav,0,34data/audiospoofing-mini-real
data/deepfake/audio/genuine\genuine_00124.wav,0,34data/audiospoofing-mini-real
data/deepfake/audio/genuine\genuine_00125.wav,0,34data/audiospoofing-mini-real
data/deepfake/audio/genuine\genuine_00126.wav,0,34data/audiospoofing-mini-real
data/deepfake/audio/genuine\genuine_00127.wav,0,34data/audiospoofing-mini-real
data/deepfake/audio/genuine\genuine_00128.wav,0,34data/audiospoofing-mini-real
data/deepfake/audio/genuine\genuine_00129.wav,0,34data/audiospoofing-mini-real
data/deepfake/audio/genuine\genuine_00130.wav,0,34data/audiospoofing-mini-real
data/deepfake/audio/genuine\genuine_00131.wav,0,34data/audiospoofing-mini-real
data/deepfake/audio/genuine\genuine_00132.wav,0,34data/audiospoofing-mini-real
data/deepfake/audio/genuine\genuine_00133.wav,0,34data/audiospoofing-mini-real
data/deepfake/audio/genuine\genuine_00134.wav,0,34data/audiospoofing-mini-real
data/deepfake/audio/genuine\genuine_00135.wav,0,34data/audiospoofing-mini-real
data/deepfake/audio/genuine\genuine_00136.wav,0,34data/audiospoofing-mini-real
data/deepfake/audio/genuine\genuine_00137.wav,0,34data/audiospoofing-mini-real
data/deepfake/audio/genuine\genuine_00138.wav,0,34data/audiospoofing-mini-real
data/deepfake/audio/genuine\genuine_00139.wav,0,34data/audiospoofing-mini-real
data/deepfake/audio/genuine\genuine_00140.wav,0,34data/audiospoofing-mini-real
data/deepfake/audio/genuine\genuine_00141.wav,0,34data/audiospoofing-mini-real
data/deepfake/audio/genuine\genuine_00142.wav,0,34data/audiospoofing-mini-real
data/deepfake/audio/genuine\genuine_00143.wav,0,34data/audiospoofing-mini-real
data/deepfake/audio/genuine\genuine_00144.wav,0,34data/audiospoofing-mini-real
data/deepfake/audio/genuine\genuine_00145.wav,0,34data/audiospoofing-mini-real
data/deepfake/audio/genuine\genuine_00146.wav,0,34data/audiospoofing-mini-real
data/deepfake/audio/genuine\genuine_00147.wav,0,34data/audiospoofing-mini-real
data/deepfake/audio/genuine\genuine_00148.wav,0,34data/audiospoofing-mini-real
data/deepfake/audio/genuine\genuine_00149.wav,0,34data/audiospoofing-mini-real
data/deepfake/audio/genuine\genuine_00150.wav,0,34data/audiospoofing-mini-real
data/deepfake/audio/genuine\genuine_00151.wav,0,34data/audiospoofing-mini-real
data/deepfake/audio/genuine\genuine_00152.wav,0,34data/audiospoofing-mini-real
data/deepfake/audio/genuine\genuine_00153.wav,0,34data/audiospoofing-mini-real
data/deepfake/audio/genuine\genuine_00154.wav,0,34data/audiospoofing-mini-real
data/deepfake/audio/genuine\genuine_00155.wav,0,34data/audiospoofing-mini-real
data/deepfake/audio/genuine\genuine_00156.wav,0,34data/audiospoofing-mini-real
data/deepfake/audio/genuine\genuine_00157.wav,0,34data/audiospoofing-mini-real
data/deepfake/audio/genuine\genuine_00158.wav,0,34data/audiospoofing-mini-real
data/deepfake/audio/genuine\genuine_00159.wav,0,34data/audiospoofing-mini-real
data/deepfake/audio/genuine\genuine_00160.wav,0,34data/audiospoofing-mini-real
data/deepfake/audio/genuine\genuine_00161.wav,0,34data/audiospoofing-mini-real
data/deepfake/audio/genuine\genuine_00162.wav,0,34data/audiospoofing-mini-real
data/deepfake/audio/genuine\genuine_00163.wav,0,34data/audiospoofing-mini-real
data/deepfake/audio/genuine\genuine_00164.wav,0,34data/audiospoofing-mini-real
data/deepfake/audio/genuine\genuine_00165.wav,0,34data/audiospoofing-mini-real
data/deepfake/audio/genuine\genuine_00166.wav,0,34data/audiospoofing-mini-real
data/deepfake/audio/genuine\genuine_00167.wav,0,34data/audiospoofing-mini-real
data/deepfake/audio/genuine\genuine_00168.wav,0,34data/audiospoofing-mini-real
data/deepfake/audio/genuine\genuine_00169.wav,0,34data/audiospoofing-mini-real
data/deepfake/audio/genuine\genuine_00170.wav,0,34data/audiospoofing-mini-real
data/deepfake/audio/genuine\genuine_00171.wav,0,34data/audiospoofing-mini-real
data/deepfake/audio/genuine\genuine_00172.wav,0,34data/audiospoofing-mini-real
data/deepfake/audio/genuine\genuine_00173.wav,0,34data/audiospoofing-mini-real
data/deepfake/audio/genuine\genuine_00174.wav,0,34data/audiospoofing-mini-real
data/deepfake/audio/genuine\genuine_00175.wav,0,34data/audiospoofing-mini-real
data/deepfake/audio/genuine\genuine_00176.wav,0,34data/audiospoofing-mini-real
data/deepfake/audio/genuine\genuine_00177.wav,0,34data/audiospoofing-mini-real
data/deepfake/audio/genuine\genuine_00178.wav,0,34data/audiospoofing-mini-real
data/deepfake/audio/genuine\genuine_00179.wav,0,34data/audiospoofing-mini-real
data/deepfake/audio/genuine\genuine_00180.wav,0,34data/audiospoofing-mini-real
data/deepfake/audio/genuine\genuine_00181.wav,0,34data/audiospoofing-mini-real
data/deepfake/audio/genuine\genuine_00182.wav,0,34data/audiospoofing-mini-real
data/deepfake/audio/genuine\genuine_00183.wav,0,34data/audiospoofing-mini-real
data/deepfake/audio/genuine\genuine_00184.wav,0,34data/audiospoofing-mini-real
data/deepfake/audio/genuine\genuine_00185.wav,0,34data/audiospoofing-mini-real
data/deepfake/audio/genuine\genuine_00186.wav,0,34data/audiospoofing-mini-real
data/deepfake/audio/genuine\genuine_00187.wav,0,34data/audiospoofing-mini-real
data/deepfake/audio/genuine\genuine_00188.wav,0,34data/audiospoofing-mini-real
data/deepfake/audio/genuine\genuine_00189.wav,0,34data/audiospoofing-mini-real
data/deepfake/audio/genuine\genuine_00190.wav,0,34data/audiospoofing-mini-real
data/deepfake/audio/genuine\genuine_00191.wav,0,34data/audiospoofing-mini-real
data/deepfake/audio/genuine\genuine_00192.wav,0,34data/audiospoofing-mini-real
data/deepfake/audio/genuine\genuine_00193.wav,0,34data/audiospoofing-mini-real
data/deepfake/audio/genuine\genuine_00194.wav,0,34data/audiospoofing-mini-real
data/deepfake/audio/genuine\genuine_00195.wav,0,34data/audiospoofing-mini-real
data/deepfake/audio/genuine\genuine_00196.wav,0,34data/audiospoofing-mini-real
data/deepfake/audio/genuine\genuine_00197.wav,0,34data/audiospoofing-mini-real
data/deepfake/audio/genuine\genuine_00198.wav,0,34data/audiospoofing-mini-real
data/deepfake/audio/genuine\genuine_00199.wav,0,34data/audiospoofing-mini-real
